duration,protocol_type,service,flag,src_bytes,dst_bytes,land,wrong_fragment,urgent,hot,num_failed_logins,logged_in,num_compromised,root_shell,su_attempted,num_root,num_file_creations,num_shells,num_access_files,num_outbound_cmds,is_host_login,is_guest_login,count,srv_count,serror_rate,srv_serror_rate,rerror_rate,srv_rerror_rate,same_srv_rate,diff_srv_rate,srv_diff_host_rate,dst_host_count,dst_host_srv_count,dst_host_same_srv_rate,dst_host_diff_srv_rate,dst_host_same_src_port_rate,dst_host_srv_diff_host_rate,dst_host_serror_rate,dst_host_srv_serror_rate,dst_host_rerror_rate,dst_host_srv_rerror_rate,label
3250,udp,private,S0,75829,12236,1,3,2,16,4,0,7,1,1,7,0,0,3,0,1,1,196,15,0.26,0.72,0.11,0.22,0.44,0.84,0.76,104,157,0.34,0.14,0.45,0.99,0.78,0.33,0.68,0.44,teardrop
8583,udp,eco_i,SF,35525,28374,0,0,1,4,2,1,0,0,0,0,0,0,3,0,1,0,307,453,0.97,1.0,0.81,0.23,0.88,0.22,0.98,249,194,0.63,0.58,0.76,0.19,0.8,0.98,0.74,0.21,satan
8563,icmp,domain_u,REJ,31576,19936,0,0,0,19,1,1,6,0,0,3,2,5,4,0,0,1,135,81,0.53,0.54,0.01,0.52,0.19,0.96,0.84,172,116,0.76,0.21,0.58,0.3,0.35,0.15,0.77,0.01,nmap
9284,udp,eco_i,SH,50731,12584,1,2,1,18,2,0,4,0,1,7,3,0,3,0,0,1,489,172,0.97,0.32,0.34,0.44,0.32,0.48,0.81,167,243,0.95,0.93,0.44,0.95,0.28,0.23,0.68,0.05,portsweep
528,icmp,ftp,SF,85282,86131,0,0,1,4,3,1,6,0,1,2,2,3,0,0,1,1,374,431,0.66,0.38,0.52,0.2,0.47,0.26,0.58,108,199,0.63,0.1,0.97,0.62,0.86,0.07,0.53,0.26,satan
4044,tcp,http,SF,9840,93247,1,3,3,15,0,0,10,0,0,10,1,1,2,0,1,1,223,509,0.76,0.17,0.3,0.43,0.41,0.51,0.1,135,72,0.96,0.22,0.96,0.66,0.14,0.14,0.18,0.63,back
8202,icmp,private,SF,76919,12374,1,0,3,0,3,1,6,1,0,8,3,1,1,0,0,1,197,315,0.26,0.82,0.82,0.83,0.54,0.08,0.69,7,202,0.03,0.7,0.85,0.29,0.24,0.29,0.41,0.83,neptune
9327,icmp,http,SH,65089,6868,0,3,2,6,0,0,7,1,1,10,3,2,3,0,0,1,404,112,0.81,0.46,0.25,0.88,0.63,0.15,0.19,207,144,0.74,0.79,0.24,0.84,0.44,0.57,0.29,0.87,smurf
7572,icmp,http,S0,15705,62014,1,1,2,4,5,0,1,1,1,8,5,0,5,0,1,0,201,301,0.34,0.48,0.85,0.16,0.83,0.77,0.84,173,193,0.12,0.73,0.35,0.37,0.98,0.89,0.45,0.84,teardrop
649,udp,private,S0,84463,95507,1,0,3,20,0,1,6,1,0,0,5,3,0,0,0,1,0,266,0.56,0.29,0.65,0.46,0.45,0.63,0.29,153,179,0.3,0.74,0.84,0.66,0.2,0.0,0.69,0.62,neptune
2994,icmp,eco_i,REJ,27106,35775,1,2,2,8,5,1,1,0,0,10,3,3,0,0,1,1,291,413,0.46,0.51,0.18,1.0,0.75,0.09,0.91,106,114,0.2,0.45,0.24,0.61,0.06,0.05,0.43,0.29,portsweep
3211,tcp,private,SF,95453,45169,1,0,2,15,5,0,7,1,1,5,5,4,0,0,0,0,464,221,0.91,0.99,0.25,0.3,0.03,0.07,0.63,238,233,0.65,0.42,0.02,0.6,0.6,0.18,0.36,0.9,neptune
2212,tcp,domain_u,SH,44953,55288,1,0,2,13,3,1,5,0,1,8,1,4,2,0,1,0,385,246,0.55,0.75,0.14,0.58,0.67,0.12,0.13,186,255,0.05,0.35,0.36,0.46,0.68,0.87,0.75,0.09,nmap
559,icmp,ftp,S0,31205,84557,1,1,0,1,1,1,7,1,0,9,3,4,1,0,1,1,120,184,0.04,0.45,0.38,0.05,0.17,0.98,0.69,174,106,0.93,0.4,0.8,0.62,0.18,0.48,0.77,0.94,neptune
3554,udp,eco_i,S0,93939,38666,1,2,0,20,4,0,5,1,1,0,4,4,2,0,1,1,146,184,0.19,0.47,0.66,0.6,0.2,0.96,0.77,93,215,0.93,0.92,0.58,0.47,0.71,0.73,0.59,0.83,smurf
4614,icmp,ftp,RSTR,8349,74000,1,0,0,3,1,0,6,1,1,2,4,3,4,0,0,1,180,6,0.54,0.33,0.85,0.01,0.95,0.94,0.32,111,189,0.44,0.71,0.19,0.01,0.55,0.57,0.13,0.16,back
8587,udp,smtp,REJ,35146,93130,0,3,0,8,0,0,3,0,0,0,5,2,1,0,1,0,280,69,0.31,0.24,0.47,0.78,0.57,0.11,0.55,113,132,0.15,0.15,0.87,0.07,0.11,0.71,0.04,0.45,portsweep
2758,icmp,eco_i,RSTR,75506,59362,0,2,3,14,5,0,9,1,0,0,1,0,4,0,0,0,213,177,0.83,0.8,0.87,0.35,0.08,0.8,0.43,236,209,0.96,0.52,0.01,0.64,0.35,0.44,0.1,0.32,portsweep
4746,icmp,private,RSTR,76591,69006,0,3,3,9,4,0,4,1,1,0,2,5,5,0,0,1,360,95,0.22,0.07,0.54,0.95,0.59,0.01,0.85,125,189,0.8,0.51,0.05,0.13,0.18,0.09,0.86,0.17,normal
8084,tcp,eco_i,S0,19347,12170,1,1,3,10,5,1,1,1,1,10,2,2,0,0,0,0,316,127,0.93,0.96,0.96,0.24,0.23,0.01,0.3,184,52,0.46,0.43,0.53,0.63,0.77,0.95,0.9,0.7,nmap
6108,udp,http,S0,18297,42204,1,2,0,19,5,1,5,1,1,10,1,5,2,0,1,0,212,29,0.56,0.09,0.53,0.91,0.64,0.04,0.69,68,232,0.24,0.71,0.44,0.61,0.15,0.05,0.6,0.3,back
5894,icmp,ftp,REJ,97103,1242,1,0,2,15,5,1,3,1,0,1,1,0,4,0,1,1,285,196,0.69,0.71,0.22,0.14,0.02,0.36,0.17,186,110,0.32,1.0,0.92,0.48,0.39,0.99,0.9,0.82,satan
3254,tcp,ftp,SH,39597,6233,0,2,0,10,4,1,6,1,1,5,2,4,4,0,1,0,203,121,0.76,0.5,0.56,0.74,0.86,0.34,0.89,73,178,0.23,0.54,0.49,0.07,0.14,0.48,0.25,0.51,teardrop
9112,udp,ftp,REJ,41999,85610,1,1,2,2,5,1,1,0,1,2,5,0,5,0,0,0,406,183,0.75,0.29,0.56,0.37,0.29,0.04,0.53,24,152,0.85,0.92,0.87,0.72,0.09,0.95,0.76,0.62,nmap
5674,tcp,eco_i,REJ,69395,55371,1,2,3,6,2,1,1,0,0,10,4,4,1,0,0,0,30,254,0.3,0.74,0.77,0.08,0.17,0.77,0.09,99,163,0.15,0.35,0.16,0.12,0.86,0.48,0.04,0.23,portsweep
3458,tcp,ftp,SH,86930,90100,1,0,2,18,1,0,2,1,1,1,5,1,2,0,1,0,73,300,0.24,0.36,0.49,0.78,0.92,0.38,0.39,114,144,0.25,0.11,0.67,0.58,0.03,0.61,0.79,0.68,nmap
6739,tcp,eco_i,S0,94234,11565,0,0,2,4,3,0,8,1,1,6,4,4,0,0,1,0,71,92,0.97,0.37,0.71,0.99,0.04,0.25,0.56,181,217,0.68,0.44,0.98,0.9,1.0,0.87,0.23,0.74,normal
8592,tcp,http,S0,78968,56460,1,0,3,5,2,1,5,1,0,2,5,4,1,0,0,1,227,338,0.18,0.51,0.12,0.45,0.2,0.45,0.22,191,145,0.76,0.4,0.43,0.95,0.71,0.94,0.41,0.46,teardrop
5837,icmp,ftp,REJ,5862,20015,1,2,0,18,0,0,6,1,0,9,4,1,0,0,1,0,111,410,0.75,0.71,0.48,1.0,0.16,1.0,0.64,221,78,0.69,0.59,0.75,0.79,0.3,0.92,0.31,0.52,back
6659,icmp,private,SH,37566,11026,1,3,1,12,4,1,4,1,1,7,0,5,5,0,1,0,450,473,0.54,0.39,0.46,0.47,0.52,0.99,0.84,215,195,0.07,0.01,0.78,0.98,0.68,0.75,0.12,0.98,back
7005,udp,smtp,RSTR,70084,53606,0,3,1,15,3,1,6,1,0,3,3,4,4,0,1,0,225,258,0.19,0.48,0.01,0.3,0.71,0.82,0.8,197,243,0.38,0.9,0.99,0.69,0.99,0.83,0.53,0.87,back
8395,icmp,private,RSTR,73118,64550,0,1,2,10,2,1,8,1,1,3,0,0,1,0,0,1,82,364,0.37,0.6,0.92,0.5,0.53,0.02,0.94,216,147,0.87,0.26,0.12,0.75,0.52,0.06,0.68,0.72,warezclient
9353,icmp,smtp,RSTR,51846,26975,0,0,2,20,1,0,1,1,1,9,2,4,3,0,0,0,492,367,0.81,0.78,0.88,0.93,0.64,0.35,0.66,49,86,0.38,0.68,0.2,0.64,0.82,0.03,0.67,0.12,smurf
4420,tcp,smtp,RSTR,32635,90767,1,2,0,0,1,0,0,1,0,8,2,2,3,0,1,1,380,87,0.0,0.58,0.08,0.53,0.84,0.38,0.52,45,238,0.4,0.35,0.34,0.49,0.83,0.53,0.41,0.87,smurf
3485,udp,smtp,S0,92166,29950,1,3,2,14,4,0,9,0,1,2,0,4,5,0,1,1,269,333,0.1,0.6,0.37,0.05,0.27,0.35,0.5,222,143,0.79,0.01,0.29,0.66,0.71,0.35,0.53,0.08,back
6736,udp,eco_i,SH,45084,76638,1,2,3,13,2,1,4,1,1,5,5,3,4,0,1,1,456,3,0.83,0.9,0.71,0.39,0.95,0.88,0.54,218,30,0.72,0.86,0.12,0.55,0.76,0.54,0.62,0.52,neptune
5126,icmp,http,REJ,33462,19748,0,1,1,8,0,0,6,0,0,4,3,4,5,0,0,1,107,339,0.95,0.32,0.08,0.6,0.58,0.39,0.88,220,253,0.15,0.66,0.0,0.64,0.5,0.83,0.1,0.05,smurf
6759,icmp,ftp,S0,24367,51579,0,2,2,10,5,1,4,0,0,6,5,4,0,0,1,1,148,323,0.97,0.93,0.62,0.25,0.97,0.55,0.32,172,51,0.91,0.67,0.75,0.09,0.21,0.81,0.61,0.8,neptune
5010,udp,domain_u,S0,3584,56155,1,2,3,9,3,0,0,0,1,3,1,0,2,0,1,1,375,216,0.96,0.3,0.1,0.38,0.39,0.97,0.52,204,127,0.63,0.79,0.99,0.24,0.2,0.45,0.3,0.76,teardrop
7753,udp,domain_u,SF,94285,56431,0,1,2,17,3,0,9,0,1,10,2,4,0,0,0,0,246,116,0.59,0.61,0.39,0.68,0.13,0.31,0.42,83,163,0.18,0.36,0.15,0.48,0.81,0.97,0.93,0.09,normal
969,tcp,http,REJ,99112,95781,0,2,0,17,3,1,10,1,1,2,2,4,5,0,1,1,175,294,0.62,0.22,0.3,0.01,0.92,0.01,0.22,82,185,0.18,0.52,0.48,0.81,0.99,0.49,0.84,0.39,neptune
9036,tcp,eco_i,RSTR,95143,21696,0,2,3,1,4,1,1,1,1,5,1,2,5,0,1,1,12,258,0.58,0.06,0.54,0.61,0.91,0.19,0.51,234,203,0.94,0.59,0.38,0.01,0.77,0.06,0.04,0.42,back
6639,udp,eco_i,SF,86571,66454,1,2,2,14,4,1,7,0,1,4,5,0,3,0,1,1,348,236,0.17,0.37,0.89,0.28,0.36,0.81,0.44,183,86,0.89,0.2,0.18,0.13,0.78,0.24,0.99,0.62,teardrop
9228,udp,eco_i,S0,96570,11417,1,2,1,3,0,0,6,0,0,4,3,2,1,0,0,1,17,246,0.51,0.96,0.32,0.6,0.19,0.29,0.54,163,242,0.42,0.98,0.73,0.91,0.62,0.69,0.8,0.6,smurf
237,udp,domain_u,RSTR,64990,88587,1,3,2,17,1,1,3,1,1,3,1,5,0,0,0,0,17,105,0.02,0.13,0.18,0.79,0.56,0.46,0.12,76,103,0.73,0.03,0.38,0.45,0.33,0.68,0.58,0.14,satan
3215,udp,eco_i,RSTR,32784,83360,1,1,1,16,1,0,1,1,0,8,5,4,0,0,0,0,197,412,0.24,0.13,0.9,0.54,0.49,0.23,0.85,121,118,0.29,0.0,0.55,0.18,0.95,0.39,0.43,0.5,warezclient
371,udp,eco_i,REJ,34074,27766,0,1,3,1,3,0,6,1,1,5,0,5,2,0,1,1,312,109,0.55,0.69,0.62,0.15,0.19,0.54,0.42,192,177,0.83,0.96,0.42,0.98,0.35,0.78,0.33,1.0,neptune
111,tcp,domain_u,S0,76955,77112,0,1,1,15,2,0,0,0,0,3,1,0,0,0,1,0,2,354,0.32,0.19,0.69,0.19,0.49,0.28,0.27,214,39,0.21,0.77,0.04,0.39,0.9,0.4,0.3,0.13,smurf
1914,udp,http,RSTR,20515,38131,0,3,2,13,1,1,1,0,1,2,1,3,1,0,0,1,0,309,0.25,0.5,0.98,0.9,0.53,0.09,0.87,95,207,0.44,0.45,0.58,0.25,0.29,0.05,0.53,0.49,warezclient
2508,tcp,smtp,REJ,16054,68541,0,2,2,16,0,0,10,1,1,5,5,4,3,0,1,0,55,75,0.64,0.92,0.43,0.75,0.12,0.03,0.71,171,218,0.08,0.81,0.59,0.43,0.42,0.38,0.97,0.37,back
3525,icmp,smtp,RSTR,29848,70543,0,3,3,6,2,0,6,0,0,1,2,5,0,0,1,0,75,318,0.74,0.16,0.91,0.79,0.13,0.43,0.16,148,245,0.88,0.51,0.9,0.92,0.66,0.92,0.09,0.09,teardrop
2027,icmp,ftp,S0,54661,15411,1,0,0,20,5,0,3,1,0,9,3,3,1,0,0,1,110,343,0.07,0.08,0.62,0.06,0.74,0.13,0.83,188,74,0.76,0.95,0.59,0.97,0.47,0.1,0.34,0.76,back
7018,tcp,ftp,SF,45296,94676,0,3,2,6,1,0,0,0,1,7,1,2,2,0,0,0,257,136,0.91,0.62,0.83,0.19,0.89,0.58,0.71,193,151,0.72,0.23,0.47,0.33,0.8,0.73,0.49,0.73,ipsweep
6924,icmp,http,RSTR,80106,6794,0,1,0,11,1,1,2,1,1,3,0,0,1,0,1,1,10,109,0.95,0.2,0.48,0.79,0.63,0.44,0.1,150,229,0.13,0.84,0.75,0.82,0.39,0.56,0.45,0.67,portsweep
3125,icmp,private,SF,94664,13674,1,2,0,20,0,1,6,0,1,4,2,1,2,0,0,1,394,92,0.21,0.78,0.38,0.98,0.44,0.35,0.47,140,6,0.92,0.69,0.71,0.05,0.49,0.87,0.89,0.19,satan
939,icmp,smtp,REJ,70696,25185,1,2,2,5,0,0,6,1,0,10,1,1,4,0,0,1,145,106,0.77,0.75,0.68,0.59,0.59,0.11,0.65,15,225,0.16,0.42,0.6,0.28,0.13,0.06,0.41,0.88,portsweep
3897,udp,smtp,RSTR,71669,32278,1,0,0,17,0,1,8,0,1,5,5,5,2,0,1,1,216,295,0.53,0.73,0.67,0.11,0.25,0.69,0.37,61,86,0.7,0.89,0.11,0.13,0.54,0.91,0.79,0.97,teardrop
2322,tcp,smtp,S0,32291,86615,1,1,0,18,5,1,5,1,1,1,3,2,0,0,1,1,300,262,0.68,0.15,0.33,0.85,0.56,0.99,0.78,115,122,0.98,0.82,0.75,0.69,0.8,0.76,0.19,0.9,satan
7194,udp,domain_u,SH,7804,48351,1,2,0,3,0,1,9,1,1,8,0,3,0,0,0,1,405,31,0.55,0.64,0.36,0.83,0.0,0.52,0.13,26,166,0.84,0.13,0.88,0.43,0.16,0.68,0.63,0.83,satan
6812,icmp,eco_i,RSTR,99281,63209,0,0,2,18,4,1,8,0,1,4,5,2,4,0,0,1,266,398,0.67,0.14,0.84,0.04,0.84,0.98,0.77,132,189,0.94,0.65,0.32,0.95,0.72,0.5,0.04,0.32,portsweep
3880,tcp,domain_u,S0,32545,79513,0,1,2,0,5,1,3,1,1,7,4,3,2,0,0,0,466,365,0.44,0.22,0.41,0.37,0.04,0.67,0.7,170,4,0.58,0.18,0.87,0.2,0.88,0.11,0.69,0.17,nmap
2091,tcp,ftp,RSTR,24644,3644,1,2,3,5,3,1,8,1,0,2,0,5,2,0,1,1,273,447,0.22,0.88,0.83,0.46,0.1,0.42,0.91,196,102,0.01,0.72,0.74,0.79,0.82,0.01,0.67,0.23,back
7682,icmp,domain_u,RSTR,37897,91331,0,3,1,18,5,1,0,1,1,1,5,2,4,0,0,0,162,452,0.24,0.88,0.61,0.76,0.5,0.95,0.13,235,169,0.47,0.84,0.6,0.83,0.26,0.99,0.88,0.21,ipsweep
3186,udp,ftp,S0,62583,27851,0,1,2,17,2,0,2,0,1,10,1,3,5,0,0,0,502,237,0.24,0.0,0.44,0.44,0.84,0.45,0.82,195,53,0.65,0.27,0.81,0.64,0.58,0.13,0.16,0.43,back
5940,tcp,http,SH,36161,20511,0,3,0,8,0,0,3,0,1,6,4,0,1,0,1,0,89,224,0.9,0.95,0.15,0.07,0.61,0.03,0.23,66,216,0.07,0.54,0.35,0.72,0.26,0.06,0.97,0.46,warezclient
9661,icmp,http,SF,41648,87216,1,3,3,9,4,0,6,0,1,2,5,3,0,0,1,1,61,132,0.22,0.87,0.79,0.78,0.61,0.79,0.29,185,36,0.52,0.24,0.99,0.08,0.5,0.14,0.49,0.98,smurf
1492,udp,eco_i,REJ,64950,66028,0,2,2,2,5,0,0,1,0,0,4,0,0,0,0,1,353,321,0.86,0.74,0.48,0.09,0.8,0.28,0.25,33,251,0.88,0.91,0.92,0.02,0.27,0.79,0.89,0.85,warezclient
8432,tcp,eco_i,REJ,5421,21711,0,2,0,15,0,1,2,0,1,5,0,2,4,0,1,1,414,230,0.21,0.76,0.79,0.09,0.53,0.45,0.28,53,60,0.3,0.47,0.45,0.66,0.72,0.37,0.71,0.85,ipsweep
9178,udp,ftp,REJ,85901,53895,1,1,1,8,5,0,8,1,0,4,3,0,1,0,0,1,463,416,0.1,0.45,0.25,0.64,0.5,0.03,0.42,139,173,0.26,0.89,0.02,0.53,0.44,0.12,0.77,0.52,satan
6631,tcp,http,RSTR,90223,25691,0,2,1,9,3,1,4,1,1,8,0,4,1,0,0,1,415,167,0.05,0.26,0.85,0.96,0.84,0.04,0.54,217,156,0.6,0.02,0.82,0.72,0.06,0.53,1.0,0.09,ipsweep
9264,udp,smtp,REJ,15032,1250,0,2,1,17,2,0,5,0,1,6,3,2,3,0,1,1,1,352,0.48,0.4,0.53,0.58,0.97,0.27,0.74,151,152,0.88,0.18,0.6,0.25,0.29,0.44,0.43,0.4,neptune
9151,udp,domain_u,SF,89406,50220,0,3,0,20,3,1,9,1,1,5,5,1,1,0,1,0,245,507,0.92,0.64,0.4,0.44,0.14,0.28,0.83,197,219,0.29,0.99,0.37,0.16,0.84,0.23,0.51,0.08,back
1449,icmp,smtp,S0,37527,57015,1,0,2,10,2,0,5,1,0,3,4,4,0,0,0,0,393,397,0.22,0.86,0.33,0.96,0.12,0.76,0.66,112,140,0.25,0.45,0.05,0.22,0.55,0.15,0.5,0.66,teardrop
9633,udp,http,SF,45974,87183,1,3,1,11,0,0,8,0,1,5,5,5,4,0,1,0,1,424,0.62,0.61,0.23,0.76,0.68,0.17,0.79,222,66,0.66,0.11,0.71,0.24,0.77,0.93,0.41,0.33,normal
6958,udp,private,SH,73774,46103,1,0,2,6,1,0,4,0,1,1,3,1,5,0,1,0,435,71,0.07,0.07,0.4,0.12,0.94,0.21,0.5,253,214,0.59,0.41,0.21,0.35,0.29,0.21,0.24,0.68,ipsweep
9834,udp,smtp,SH,3441,95253,0,0,0,15,2,1,0,0,0,7,5,0,1,0,1,0,378,322,0.26,0.3,1.0,0.01,0.37,0.62,0.41,236,37,0.85,0.25,0.45,0.08,0.6,0.29,0.93,0.26,satan
477,udp,domain_u,REJ,17575,17769,1,2,1,0,1,0,6,0,1,5,5,5,0,0,0,1,467,255,0.18,0.12,0.91,0.76,0.58,0.65,0.7,207,219,0.69,0.95,0.65,0.87,0.39,0.55,0.35,0.6,back
5773,icmp,smtp,RSTR,97448,46994,1,0,1,16,2,0,9,0,1,7,4,1,4,0,0,0,462,22,0.19,0.23,0.51,0.91,0.02,0.95,0.4,125,233,0.36,0.02,0.4,0.65,0.28,0.91,0.43,0.13,satan
3954,udp,eco_i,SF,71105,56270,1,3,3,9,4,0,2,0,1,4,3,4,2,0,0,1,230,179,0.14,0.18,0.54,0.62,0.3,0.65,0.45,47,215,0.34,0.17,0.38,0.2,0.81,0.91,0.15,0.52,back
6841,tcp,eco_i,S0,84988,46319,1,3,3,4,5,1,2,1,1,0,0,5,2,0,0,1,236,510,0.24,0.64,0.77,0.39,0.57,0.76,0.69,32,223,0.76,0.93,0.42,0.09,0.16,0.2,0.33,0.42,satan
908,icmp,smtp,REJ,11423,14035,0,1,3,10,4,0,7,0,0,3,1,3,0,0,0,0,152,102,0.88,0.18,0.91,0.3,0.71,0.91,0.6,49,149,0.93,0.37,0.85,1.0,0.1,0.97,0.82,0.1,normal
8656,tcp,smtp,S0,26863,34085,1,0,1,1,3,1,0,1,1,7,0,0,3,0,0,0,71,500,0.05,0.33,0.82,0.49,0.2,0.68,0.56,200,248,0.39,0.57,0.54,0.85,0.25,0.24,0.9,0.27,nmap
2503,udp,eco_i,SF,39268,65515,0,0,0,9,5,0,6,1,1,4,5,1,4,0,0,0,503,198,0.61,0.43,0.37,0.76,0.64,0.08,0.26,36,85,0.15,0.48,0.56,0.3,0.19,0.66,0.32,0.53,portsweep
2632,tcp,domain_u,SH,80014,17856,0,3,2,20,1,1,0,0,0,0,2,5,5,0,1,0,299,329,0.5,0.94,0.44,0.19,0.65,0.77,0.87,217,146,0.78,0.07,0.49,0.88,0.05,0.61,0.2,0.88,portsweep
864,icmp,domain_u,REJ,72951,32235,0,2,1,8,1,1,10,0,1,2,5,3,0,0,1,0,427,439,0.56,0.63,0.24,0.93,0.64,0.92,0.63,51,3,0.44,0.34,0.23,0.29,0.62,0.14,0.04,0.78,normal
957,icmp,private,SF,61978,59716,0,3,1,11,2,1,9,0,0,4,4,2,1,0,0,0,375,309,0.42,0.81,0.95,0.42,0.09,0.45,0.43,184,228,0.94,0.99,0.26,0.4,0.85,0.29,0.56,0.79,warezclient
1789,udp,smtp,S0,50068,96532,0,3,0,7,0,0,1,1,1,8,1,2,2,0,1,0,240,441,0.76,0.14,0.05,0.87,0.56,0.49,0.05,68,30,0.76,0.09,0.04,0.49,0.98,0.94,0.42,0.64,portsweep
9646,icmp,private,RSTR,25771,99031,1,1,0,16,3,0,6,1,0,0,4,2,5,0,1,0,244,165,0.14,0.02,0.85,0.85,0.23,0.61,0.62,31,97,0.11,0.25,0.44,0.19,0.69,0.9,0.54,0.42,neptune
9303,icmp,eco_i,SF,33886,20319,1,2,0,14,4,1,8,1,0,0,4,1,1,0,1,0,422,191,0.63,0.68,0.52,0.02,0.82,0.56,0.44,193,89,0.6,0.94,0.13,0.7,0.09,0.93,0.5,0.99,warezclient
6484,udp,domain_u,S0,85150,79724,1,1,3,9,0,0,9,0,0,2,5,3,2,0,1,1,140,186,0.94,0.39,0.65,0.4,0.41,0.09,0.39,78,219,0.44,0.5,0.14,0.44,0.44,0.2,0.2,0.63,ipsweep
3591,udp,http,SH,54710,64493,1,3,3,4,0,0,6,1,1,8,0,2,0,0,0,1,126,478,0.05,0.48,0.76,0.33,0.44,0.17,0.74,135,70,0.95,0.04,0.71,0.19,0.27,0.84,0.25,0.34,normal
2593,udp,domain_u,RSTR,37634,25223,0,1,3,9,4,0,2,1,0,10,4,5,2,0,0,1,500,423,0.21,0.88,0.37,0.34,0.71,0.22,0.4,210,217,0.96,0.82,0.93,0.7,0.51,0.44,0.42,0.73,normal
1690,udp,domain_u,SF,72228,27309,0,2,3,20,2,0,5,1,1,0,5,5,2,0,1,1,420,446,0.85,0.09,0.57,0.69,0.04,0.84,0.6,59,25,0.94,0.63,0.89,0.81,0.3,0.89,0.38,0.05,ipsweep
1716,icmp,private,REJ,21857,18893,1,3,3,15,2,1,5,0,0,8,2,1,5,0,1,0,503,265,0.97,0.81,0.5,0.36,0.02,0.11,0.87,73,217,0.39,0.74,0.17,0.64,0.09,0.32,0.71,0.26,back
1230,tcp,http,S0,92152,54148,1,1,1,2,3,1,6,1,0,6,2,2,4,0,1,1,385,161,0.17,0.71,0.17,0.48,0.21,0.7,0.5,9,135,0.44,0.89,0.22,0.13,0.51,0.83,0.95,0.52,warezclient
9445,udp,eco_i,RSTR,21120,92837,0,2,3,17,4,1,4,1,1,7,0,4,3,0,1,0,133,29,0.42,0.38,0.36,0.67,0.79,0.05,0.21,180,85,0.49,0.91,0.06,0.11,0.58,0.6,0.53,0.16,neptune
3572,tcp,eco_i,RSTR,22027,60438,0,1,1,17,5,1,4,1,0,10,0,2,0,0,1,1,128,72,0.9,0.03,0.87,0.86,0.21,0.3,0.93,201,99,0.39,0.86,0.67,0.18,0.03,0.56,0.88,0.15,nmap
7707,tcp,eco_i,SH,21894,3622,0,0,0,15,1,1,2,0,0,3,1,1,5,0,0,1,370,138,0.61,0.47,0.47,0.82,0.33,0.4,0.5,106,84,0.82,0.26,0.29,0.52,0.54,0.14,0.49,0.0,neptune
5523,icmp,eco_i,SH,82368,97110,0,1,3,12,0,1,2,0,1,7,0,4,2,0,0,0,287,51,0.34,0.86,0.41,0.15,0.48,0.4,0.97,26,83,0.57,0.78,0.66,0.06,0.95,0.46,0.07,0.94,teardrop
855,tcp,domain_u,RSTR,68327,11316,0,0,1,0,3,1,3,1,0,5,5,1,5,0,0,0,298,284,0.68,0.49,0.45,0.74,0.6,0.61,0.41,140,116,0.25,0.84,0.87,0.57,0.49,0.48,0.09,0.37,smurf
360,icmp,ftp,SF,31672,16153,1,2,1,19,1,1,8,0,1,10,0,0,5,0,1,1,298,282,0.53,0.13,0.47,0.66,0.46,0.96,0.36,118,104,0.28,0.31,0.9,0.49,0.24,0.82,0.37,0.53,satan
6381,udp,ftp,SF,9951,34520,1,0,0,4,4,1,1,0,0,4,4,0,5,0,0,1,64,69,0.13,0.13,0.87,0.36,0.8,0.22,0.45,71,111,0.48,0.54,0.23,0.96,0.01,0.94,0.5,0.1,ipsweep
6533,tcp,eco_i,SF,82270,20920,0,3,1,5,1,0,1,0,1,10,2,3,5,0,1,0,53,141,0.51,0.66,0.53,0.88,0.57,0.31,0.26,186,126,0.28,0.32,0.42,0.26,0.74,0.45,0.14,0.48,ipsweep
61,tcp,private,S0,36003,56858,0,3,3,10,0,0,3,0,1,7,2,2,2,0,1,0,500,260,0.9,0.1,0.64,0.44,0.5,0.31,0.97,105,64,0.21,0.38,0.64,0.25,0.89,0.7,0.02,0.36,teardrop
7028,udp,domain_u,SF,44143,42037,0,0,0,19,5,0,8,1,0,5,2,3,3,0,1,1,252,485,0.96,0.19,0.15,0.5,0.03,0.86,0.08,232,254,0.04,0.61,0.25,0.9,0.56,0.33,0.63,0.84,satan
2185,tcp,smtp,SH,96653,66459,0,1,0,4,2,1,3,1,1,9,1,3,3,0,0,0,292,199,0.97,0.18,0.78,0.86,0.49,0.82,0.7,33,188,0.78,0.81,0.74,0.42,0.54,0.89,0.45,0.04,back
1877,udp,http,SF,7979,10223,1,3,3,18,3,1,5,1,0,7,1,5,1,0,0,1,292,443,0.27,0.34,0.08,0.25,0.61,0.95,0.56,21,177,0.6,0.15,0.85,0.6,0.77,0.12,0.05,0.5,ipsweep
3291,udp,private,SF,20035,49454,1,2,3,7,4,1,2,1,1,9,3,1,4,0,1,0,311,108,0.94,0.07,0.82,0.43,0.63,0.77,0.41,237,116,0.47,0.53,0.03,0.07,0.93,0.71,0.59,0.1,neptune
6215,icmp,private,RSTR,61047,63808,1,2,3,18,0,1,6,0,1,1,5,1,3,0,1,1,140,454,0.96,0.8,0.69,0.63,0.73,0.47,0.03,13,66,0.86,0.9,0.5,1.0,0.33,0.7,0.04,0.19,portsweep
8907,icmp,private,S0,39177,71021,1,3,0,17,4,1,8,1,1,9,3,0,0,0,0,1,498,101,0.15,0.49,0.28,0.16,0.24,0.9,0.59,119,10,0.3,0.17,0.23,0.35,0.45,0.79,0.24,0.3,teardrop
9016,tcp,private,S0,47612,92703,1,3,1,17,4,1,6,1,0,8,3,3,5,0,0,1,297,255,0.63,0.87,0.58,0.98,0.28,0.07,0.21,191,32,0.71,0.93,0.77,0.27,0.49,0.13,0.74,0.34,nmap
7219,icmp,http,REJ,32199,30392,1,1,1,1,1,0,9,1,0,2,4,0,5,0,1,0,190,311,0.31,0.43,0.29,0.48,0.02,0.33,0.03,141,162,0.62,0.99,0.28,0.44,0.05,0.43,0.46,0.9,normal
4156,udp,http,RSTR,72303,13710,0,3,3,9,3,0,5,1,0,5,0,3,1,0,1,1,190,175,0.43,0.26,0.74,0.82,0.35,0.55,0.07,107,84,0.31,0.36,0.56,0.64,0.47,0.25,0.25,0.13,neptune
7850,udp,ftp,SH,87664,83952,1,3,2,12,5,1,4,1,1,10,3,5,0,0,1,1,133,255,0.8,0.75,0.94,0.52,0.62,0.18,0.05,142,147,0.51,0.12,0.76,0.38,0.48,0.84,0.19,0.25,ipsweep
9965,icmp,ftp,S0,90050,88645,1,2,2,17,4,1,8,0,0,6,3,1,0,0,0,0,444,325,0.73,0.42,0.82,0.38,0.97,0.29,0.88,37,150,0.14,0.34,0.81,0.22,0.61,0.73,0.28,0.53,teardrop
290,tcp,smtp,REJ,99890,83657,1,2,2,13,2,0,7,0,0,1,5,5,5,0,0,1,436,106,0.41,0.47,0.48,0.75,0.21,0.18,0.16,57,241,0.81,0.11,0.44,0.55,0.93,0.89,0.69,0.61,smurf
6544,udp,ftp,REJ,45982,90711,1,0,2,8,3,1,0,0,1,9,5,3,4,0,1,1,244,147,0.9,0.3,0.11,0.99,0.1,0.59,0.9,234,42,0.92,0.26,0.91,0.15,0.99,0.19,0.55,0.61,neptune
6275,udp,eco_i,SH,4820,35273,0,0,2,16,0,0,0,1,0,10,1,5,1,0,0,1,383,462,0.18,0.14,0.58,0.08,0.99,0.59,0.68,249,97,0.12,0.05,0.82,0.8,0.62,0.86,0.9,0.09,warezclient
7476,udp,private,SF,99767,4896,0,1,0,19,5,1,7,1,0,1,3,3,3,0,0,0,430,495,0.02,0.4,0.35,0.77,0.93,0.85,0.39,111,14,0.98,0.95,0.87,0.81,0.82,0.68,0.81,0.96,ipsweep
3914,tcp,ftp,RSTR,22491,89674,0,1,3,0,1,0,2,1,1,8,5,4,0,0,1,0,383,239,0.28,0.45,0.12,0.06,0.28,0.51,0.92,249,28,0.53,0.24,0.76,0.98,0.54,0.51,0.58,0.41,neptune
6647,icmp,eco_i,SF,10927,2219,0,2,1,5,3,1,0,1,0,10,3,5,5,0,1,1,227,156,0.71,0.06,0.69,0.74,0.2,0.63,0.7,126,105,0.92,0.09,0.41,0.42,0.12,0.75,0.93,0.55,normal
538,tcp,eco_i,SF,44546,89760,1,3,1,14,4,1,8,0,1,1,4,3,0,0,1,1,55,163,0.67,0.9,0.43,0.3,0.28,0.11,0.69,90,31,0.75,0.49,0.09,0.28,0.6,0.65,0.03,0.81,normal
9890,tcp,http,S0,93329,66789,1,3,1,3,0,0,5,1,0,9,3,3,1,0,0,1,190,382,0.67,0.73,0.48,0.09,0.07,0.9,0.98,2,181,0.18,0.24,0.77,0.49,0.47,0.93,0.96,0.6,normal
5748,icmp,ftp,S0,60002,18195,1,3,1,20,0,1,1,0,0,6,2,0,1,0,1,1,130,361,0.2,0.42,0.92,0.35,0.57,0.58,0.68,7,228,0.15,0.2,0.5,0.71,0.0,0.01,0.31,0.64,normal
4759,udp,eco_i,RSTR,2170,47759,1,0,2,14,5,0,5,1,0,5,3,1,5,0,1,0,145,405,0.65,0.41,0.73,0.61,0.38,0.51,0.69,100,213,0.95,0.31,0.63,0.18,0.3,0.42,0.77,0.69,normal
4188,tcp,domain_u,SF,27005,16877,0,1,2,20,4,1,2,1,0,6,3,0,3,0,1,0,398,398,0.84,0.7,0.87,0.73,0.98,0.97,0.24,189,21,0.47,0.69,0.18,0.78,0.85,0.7,0.15,0.83,normal
4999,icmp,eco_i,RSTR,60141,92944,0,0,1,10,2,0,3,1,0,5,5,1,5,0,0,0,317,507,0.1,0.03,0.99,0.55,0.66,0.27,0.09,132,116,0.47,0.87,0.53,0.02,0.28,0.83,0.98,0.44,normal
3717,udp,eco_i,S0,78184,28357,0,2,0,6,4,1,2,1,0,2,1,0,1,0,0,1,194,344,0.4,0.63,0.31,0.69,0.34,0.17,0.53,114,24,0.81,0.83,0.31,0.15,0.45,0.32,0.06,0.82,normal
8816,tcp,smtp,RSTR,40478,420,0,1,3,15,3,1,9,1,1,2,3,3,5,0,1,1,12,136,0.07,0.56,0.63,0.05,0.94,0.34,0.55,102,1,0.64,0.35,0.03,0.51,0.47,0.0,0.5,0.91,normal
7893,udp,ftp,SF,98754,43878,1,1,2,9,2,0,2,0,0,6,2,4,2,0,1,1,394,16,0.83,0.15,0.56,0.62,0.14,0.16,0.86,50,56,0.2,0.54,0.76,0.32,0.31,0.78,0.89,0.51,normal
3323,udp,domain_u,SF,25013,83870,1,0,1,2,3,0,7,0,1,1,1,3,1,0,1,0,442,214,0.12,0.6,0.05,0.91,0.22,0.21,0.42,89,23,0.17,0.48,0.13,0.27,0.02,0.5,0.26,0.6,normal
3484,udp,private,RSTR,78998,10270,0,3,1,16,1,0,1,0,0,7,2,3,2,0,0,0,51,478,0.81,0.82,0.58,0.69,0.39,0.83,0.56,41,190,0.19,0.79,0.95,0.76,0.41,0.98,0.49,0.03,normal
1188,tcp,domain_u,RSTR,68110,29102,1,0,3,19,0,1,1,1,1,3,1,1,5,0,1,1,49,258,0.36,0.08,0.01,0.74,0.9,0.01,0.97,86,200,0.26,0.95,0.12,0.1,0.99,0.27,0.97,0.07,normal
2818,udp,eco_i,RSTR,65910,91228,1,3,3,2,3,1,4,0,1,5,0,2,4,0,0,1,107,41,0.09,0.49,0.58,0.82,0.99,0.1,0.15,12,93,0.24,0.51,0.62,0.79,0.24,0.02,0.81,0.68,normal
8994,tcp,eco_i,RSTR,58816,24670,0,3,2,9,1,1,1,1,0,0,1,5,0,0,1,0,475,500,0.17,0.62,0.33,0.54,0.0,0.07,0.03,140,103,0.34,0.52,0.95,0.68,0.29,0.45,0.47,0.18,normal
533,udp,domain_u,SF,26764,21114,1,2,0,3,0,0,4,1,1,9,4,4,4,0,1,0,371,31,0.51,0.63,0.03,0.9,0.15,0.05,0.44,148,245,0.16,0.95,0.46,0.68,0.52,0.99,0.15,0.81,normal
5175,tcp,http,RSTR,76687,31634,0,0,3,18,4,0,1,0,0,7,4,0,5,0,0,1,475,226,0.8,0.43,0.77,0.1,0.09,0.25,0.7,100,137,0.55,0.23,0.47,0.84,0.57,0.66,0.67,0.16,normal
2022,tcp,eco_i,RSTR,63828,45585,1,2,1,2,3,0,4,1,0,2,1,0,2,0,1,1,431,92,0.06,0.67,0.83,0.66,0.05,0.52,0.49,210,234,0.9,0.06,0.26,0.33,0.52,0.76,0.31,0.28,normal
8420,icmp,ftp,REJ,8198,35484,0,3,1,15,4,0,2,0,0,4,2,2,2,0,0,1,392,256,0.94,0.64,0.91,0.85,0.13,0.13,0.49,227,78,0.79,0.57,0.6,0.23,0.45,0.45,0.61,0.05,normal
2177,tcp,domain_u,S0,93416,56333,1,1,0,16,1,0,5,0,0,3,5,3,3,0,0,0,502,500,0.35,0.12,0.42,0.06,0.82,0.87,0.31,136,123,0.6,0.32,0.78,0.02,0.77,0.8,0.63,0.25,normal
5551,udp,domain_u,SH,41061,50619,0,1,2,4,5,0,6,0,1,5,0,4,4,0,1,0,287,185,0.41,0.58,0.89,0.65,0.3,0.02,0.8,236,203,0.55,0.63,0.42,0.29,0.59,0.1,0.09,0.5,normal
377,udp,ftp,SF,90620,70805,1,0,2,8,5,0,2,0,1,10,2,0,0,0,1,1,164,365,0.92,0.33,0.62,0.48,0.59,0.31,0.82,130,253,0.43,0.08,0.88,0.19,0.58,0.38,0.04,0.42,normal
2552,icmp,eco_i,S0,33502,76084,1,1,1,11,1,1,3,0,0,10,1,1,0,0,0,1,500,320,0.48,0.62,0.07,0.38,0.2,0.09,0.96,132,196,0.55,0.16,0.97,0.24,0.66,0.72,0.36,0.06,normal
5739,udp,eco_i,REJ,76454,17236,0,2,2,15,2,1,0,0,1,1,4,2,2,0,0,0,72,24,0.51,0.93,0.21,0.94,0.32,0.5,0.86,74,31,0.14,0.84,0.93,0.35,0.82,0.8,0.79,0.06,normal
1361,tcp,http,S0,96621,41784,1,0,2,6,0,1,4,0,0,3,2,2,0,0,1,0,197,63,0.3,0.89,0.37,0.51,1.0,0.92,0.34,115,108,0.19,0.4,0.63,0.6,0.81,0.91,0.93,0.4,normal
3507,tcp,ftp,SF,34089,42422,1,2,3,18,2,0,10,1,1,1,3,2,5,0,0,1,26,404,0.04,0.75,0.03,0.1,0.05,0.69,0.63,60,250,0.1,0.94,0.82,0.87,0.74,0.48,0.16,0.8,normal
6556,udp,http,SH,2527,26788,0,3,3,5,4,1,5,1,0,8,1,5,5,0,0,0,173,344,0.03,0.24,0.07,0.93,0.66,0.85,0.43,246,124,0.65,0.61,0.42,0.08,0.22,0.5,0.39,0.5,normal
7673,tcp,eco_i,REJ,78714,29000,0,0,0,15,1,1,1,0,0,7,4,4,2,0,0,1,314,414,0.32,0.44,0.77,0.26,0.06,0.44,0.44,49,64,0.93,0.76,0.9,0.72,0.26,0.19,0.3,0.03,normal
1505,tcp,http,SH,31465,28538,1,1,2,10,4,0,2,1,0,2,1,3,0,0,0,1,79,186,0.11,0.95,0.92,0.76,0.99,0.45,0.65,149,203,0.95,0.88,0.48,0.89,0.66,0.57,0.62,0.56,normal
3811,icmp,smtp,SF,23420,74027,0,0,0,12,4,1,10,0,1,2,1,0,4,0,1,1,246,54,0.05,0.67,0.84,0.16,0.37,0.8,0.03,125,123,0.03,0.5,0.75,0.23,0.74,0.11,0.06,0.98,normal
1135,udp,ftp,SF,73697,70405,0,0,0,16,5,1,7,1,1,5,1,5,2,0,1,0,164,126,0.56,0.92,0.97,0.42,0.05,0.24,0.08,163,47,0.05,0.66,0.45,0.08,0.72,0.53,0.86,0.95,normal
5347,udp,smtp,REJ,97855,35013,0,1,0,1,1,1,6,1,0,1,3,1,2,0,0,1,137,119,0.89,0.09,0.44,0.5,0.05,0.26,0.74,243,56,0.64,0.95,0.18,0.04,0.34,0.96,0.89,0.61,normal
9796,tcp,eco_i,REJ,7350,7004,0,3,2,0,2,1,9,0,0,5,2,4,5,0,1,0,209,76,0.22,0.24,0.06,0.8,0.05,0.06,0.68,53,233,0.52,0.18,0.61,0.87,0.12,0.23,0.64,0.16,normal
8388,tcp,ftp,SF,42273,96758,0,3,1,4,3,1,8,0,1,2,0,3,5,0,1,0,418,141,0.42,0.06,0.61,0.17,0.08,0.88,0.15,130,201,0.17,0.47,0.96,0.14,0.59,0.82,0.83,0.55,normal
9796,icmp,eco_i,S0,18907,14659,1,2,0,11,2,0,7,0,0,1,3,2,5,0,0,0,428,80,0.17,0.59,0.94,0.39,0.32,0.81,0.07,71,136,0.02,0.96,0.01,0.88,0.58,0.21,0.49,0.57,normal
429,icmp,eco_i,RSTR,92720,80859,1,3,2,18,2,0,0,1,1,7,5,2,4,0,1,0,72,117,0.44,0.65,0.37,0.75,0.64,0.79,0.42,84,124,0.94,0.41,0.89,0.11,0.4,0.19,0.26,0.1,normal
8756,udp,private,S0,65078,35690,1,2,0,13,3,0,1,0,0,3,1,2,2,0,0,0,360,23,0.55,0.54,0.09,0.93,0.7,0.63,0.16,10,24,0.7,0.74,0.91,0.3,0.48,0.09,0.76,0.89,normal
6895,udp,domain_u,S0,69357,42239,1,3,0,15,5,1,3,0,1,5,3,4,0,0,0,1,432,459,0.8,0.18,0.85,0.54,0.08,0.63,0.86,159,138,0.47,0.08,0.51,0.78,0.0,0.51,0.49,0.51,normal
9194,tcp,domain_u,SF,77223,74009,1,2,2,12,0,1,5,1,0,7,5,0,0,0,0,0,243,161,0.44,0.91,0.92,0.52,0.62,0.72,0.69,194,160,0.9,0.13,0.32,0.71,0.54,0.24,0.2,0.46,normal
9352,icmp,http,S0,95568,12561,1,3,3,20,4,1,0,0,0,10,3,0,3,0,0,0,470,274,0.03,0.37,0.39,0.88,0.39,0.49,0.82,250,113,0.19,0.5,0.02,0.23,0.62,0.46,0.45,0.28,normal
8620,tcp,smtp,RSTR,10865,47919,1,3,0,15,3,0,3,1,1,9,2,1,3,0,1,0,130,309,0.89,0.16,0.92,0.66,0.98,0.47,0.24,10,119,0.39,0.93,0.28,0.11,0.3,0.82,0.67,0.42,normal
9353,icmp,domain_u,SH,50183,97156,0,1,0,1,1,1,10,0,0,0,1,2,1,0,1,0,511,22,0.26,0.03,0.88,0.42,0.0,0.24,0.34,236,146,0.91,0.67,0.23,0.27,0.18,0.94,0.22,0.25,normal
3816,icmp,http,SH,29280,28578,0,3,3,15,4,1,0,1,0,4,5,2,3,0,0,0,279,491,0.96,0.17,0.61,0.13,0.05,0.59,0.81,234,16,0.91,0.43,0.56,0.65,0.53,0.97,0.85,0.61,normal
6006,tcp,smtp,S0,85744,29530,1,1,3,15,2,1,4,1,0,10,5,3,5,0,1,0,90,129,0.13,0.5,0.9,0.67,0.86,0.51,0.35,98,1,0.38,0.14,0.71,0.87,0.43,0.72,0.15,0.16,normal
829,udp,private,SF,36908,96716,0,1,3,13,1,0,4,0,0,6,5,0,1,0,0,1,2,107,0.98,0.3,0.83,0.49,0.47,0.91,0.45,80,228,0.91,0.27,0.06,0.12,0.12,0.33,0.74,0.69,normal
7778,tcp,smtp,SF,37459,30659,0,3,1,12,1,0,3,0,1,3,4,3,2,0,0,0,217,510,0.38,0.17,0.98,0.36,0.78,0.06,0.05,150,228,0.64,0.95,0.74,0.11,0.97,0.3,0.03,0.91,normal
233,icmp,private,RSTR,33582,77312,0,0,1,15,1,0,8,1,0,5,4,3,3,0,0,1,487,196,0.45,0.87,0.13,0.54,0.35,0.35,0.2,87,230,0.12,0.7,0.02,0.59,0.91,0.08,0.46,0.87,normal
7372,udp,ftp,RSTR,7406,21523,0,1,2,12,1,1,10,1,1,6,4,4,1,0,0,0,156,259,0.09,0.42,0.56,0.26,0.66,0.76,0.2,234,244,0.7,0.84,0.37,0.7,0.09,0.17,0.12,0.69,normal
3197,icmp,smtp,REJ,39323,56757,1,3,3,12,1,0,5,1,1,6,4,0,0,0,0,1,281,49,0.45,0.05,0.76,0.37,0.45,0.26,0.1,197,123,0.39,0.48,0.41,0.84,0.97,0.09,0.59,0.44,normal
423,udp,http,SF,18785,9165,1,1,1,4,1,1,7,0,1,5,0,0,2,0,1,1,295,132,0.64,0.58,0.91,0.06,0.88,0.1,0.3,199,78,0.17,0.54,0.78,0.55,0.45,0.19,0.62,0.27,normal
5489,tcp,ftp,RSTR,74880,38030,1,2,3,17,2,1,0,1,1,2,4,4,0,0,0,0,145,504,0.89,0.17,0.01,0.3,0.36,0.63,0.4,212,239,0.39,0.41,0.25,0.39,0.97,0.08,0.63,0.34,normal
1126,udp,domain_u,RSTR,84446,87177,1,1,1,5,2,0,0,1,1,2,5,5,1,0,0,1,197,206,0.8,0.43,0.27,0.47,0.23,0.44,0.48,125,238,0.03,0.08,0.95,0.84,0.25,0.5,0.36,0.89,normal
8308,icmp,smtp,REJ,62726,28481,0,2,2,2,1,1,6,0,1,3,5,1,0,0,0,0,201,430,0.08,0.72,0.46,0.16,0.58,0.47,1.0,41,151,0.32,0.63,0.06,0.07,0.89,0.2,0.72,0.93,normal
761,icmp,http,REJ,43214,2843,0,3,1,3,3,0,10,0,1,9,3,5,3,0,1,1,414,366,0.4,0.93,0.85,0.33,0.62,0.2,0.33,249,255,0.96,0.31,0.08,0.19,0.11,0.83,0.24,0.62,normal
435,icmp,eco_i,SF,74142,96814,1,3,1,7,4,1,8,1,1,6,2,2,5,0,1,0,64,502,0.07,0.85,0.22,0.28,0.02,0.04,0.27,205,8,0.21,0.45,0.88,0.86,0.08,0.34,0.63,0.55,normal
4164,icmp,smtp,SH,66127,93045,1,1,3,8,4,0,8,1,1,4,3,2,2,0,0,0,261,261,0.83,1.0,0.97,0.6,0.95,0.06,0.45,172,77,0.82,0.01,0.9,0.3,0.85,0.26,0.33,0.86,normal
5362,tcp,private,RSTR,90468,20648,1,0,3,16,0,0,7,0,1,10,3,4,2,0,1,0,423,476,0.98,0.28,0.66,0.73,0.36,0.96,0.36,79,28,0.56,0.68,0.53,0.49,0.69,0.91,0.88,0.36,normal
3392,icmp,eco_i,REJ,41832,33252,0,0,0,17,2,0,3,1,0,0,1,0,2,0,0,0,497,467,0.93,0.59,0.18,0.59,0.89,0.14,0.71,234,157,0.45,0.93,0.36,0.7,0.67,0.36,0.39,0.17,normal
6152,tcp,ftp,REJ,32235,63039,0,0,0,20,5,1,6,0,0,6,2,3,0,0,1,1,271,198,0.92,0.3,0.37,0.29,0.67,0.66,0.37,42,247,0.27,0.72,0.18,0.56,0.45,0.46,0.52,0.58,normal
471,tcp,http,SH,73003,45659,0,0,3,14,2,1,2,1,1,9,5,3,5,0,0,0,162,239,0.03,0.0,0.83,0.35,0.34,0.38,0.6,247,120,0.07,0.1,0.46,0.47,0.4,0.7,0.86,0.43,normal
848,udp,private,S0,60575,38733,1,0,1,17,4,1,10,0,0,5,1,0,1,0,0,0,300,42,0.33,0.87,0.84,0.29,0.72,0.51,0.48,220,114,0.91,0.44,0.67,0.63,0.67,0.29,0.79,0.22,normal
7437,icmp,smtp,SH,8161,83149,0,3,0,18,1,0,5,1,1,6,0,4,2,0,0,0,250,219,0.85,0.98,0.03,0.74,0.37,0.27,0.12,190,220,0.52,0.82,0.51,0.56,0.14,0.7,0.29,0.2,normal
730,tcp,domain_u,S0,48770,22947,0,3,2,9,1,0,6,0,0,10,5,4,4,0,1,1,504,34,0.7,0.64,0.23,0.18,0.66,0.82,0.7,119,195,0.94,0.52,0.17,0.08,0.4,0.72,0.38,0.66,normal
8684,udp,eco_i,SH,13231,29892,0,0,0,9,5,1,8,1,1,9,2,4,2,0,0,0,107,369,0.56,0.54,0.25,0.48,0.75,0.0,0.25,13,5,0.99,0.9,0.25,0.94,0.39,0.49,0.45,0.68,normal
6870,tcp,domain_u,REJ,45484,38146,1,2,0,9,0,1,0,0,0,0,4,2,4,0,1,0,428,196,0.5,0.68,0.03,0.16,0.41,0.62,0.19,24,154,0.32,0.78,0.17,0.68,0.06,0.84,0.67,0.47,normal
8238,icmp,private,RSTR,44073,72553,0,3,0,16,0,1,9,1,1,4,3,3,0,0,1,1,15,401,0.05,0.31,0.87,0.03,0.61,0.76,0.51,65,148,0.8,0.84,0.29,0.16,0.87,0.12,0.46,0.59,normal
4909,udp,eco_i,SH,80082,4218,1,2,1,17,2,0,3,0,0,1,4,5,5,0,1,1,234,494,0.99,0.67,0.94,0.05,0.24,0.35,0.01,252,214,0.76,0.71,0.11,0.92,0.54,0.1,0.65,0.94,normal
9210,icmp,smtp,RSTR,14036,48896,1,1,0,12,2,1,6,0,0,6,5,5,4,0,1,0,129,5,0.73,0.2,0.61,0.32,0.1,0.32,0.92,146,202,0.43,0.97,0.07,0.23,0.07,0.71,0.34,0.92,normal
3009,udp,http,REJ,52362,68881,0,2,1,4,4,0,9,0,1,2,1,5,2,0,1,1,444,287,0.1,0.68,0.1,0.49,0.27,0.27,0.26,233,165,0.87,0.94,0.69,0.3,0.39,0.29,0.53,0.28,normal
3916,icmp,private,REJ,12223,57258,0,3,1,12,3,1,6,1,1,6,0,5,3,0,1,0,72,309,0.16,0.47,0.6,0.46,0.78,0.86,0.46,3,129,0.92,0.83,0.15,0.9,0.14,0.2,0.94,0.28,normal
5619,icmp,private,REJ,27755,77535,1,1,0,17,5,0,5,0,1,7,1,3,5,0,1,0,286,375,0.91,0.48,0.12,0.04,0.25,0.83,0.11,96,75,0.25,0.93,0.03,0.03,0.73,0.07,0.85,1.0,normal
1156,tcp,eco_i,RSTR,57988,56718,0,2,1,2,3,1,7,1,0,9,0,1,3,0,0,0,164,398,0.63,0.14,0.27,0.95,0.25,0.26,0.79,16,251,0.06,0.09,0.59,0.14,0.99,0.22,0.93,0.25,normal
9106,icmp,http,S0,40465,72629,0,1,3,10,0,1,0,1,0,8,0,5,4,0,0,1,245,27,0.68,0.17,0.88,0.91,0.09,0.78,0.41,175,144,0.12,0.49,0.03,0.76,0.5,0.82,0.55,0.02,normal
242,udp,ftp,S0,34657,68375,0,3,0,17,5,0,3,0,1,1,2,5,5,0,0,1,179,421,0.26,1.0,0.9,0.24,0.83,0.95,0.11,62,85,0.13,0.45,0.96,0.26,0.33,0.25,0.84,0.94,normal
3715,icmp,private,S0,24814,24886,0,0,3,20,5,0,0,1,1,2,2,2,4,0,0,1,179,234,0.46,0.61,0.25,0.46,0.23,0.93,0.45,137,201,0.02,0.35,0.19,0.38,0.22,0.9,0.11,0.25,normal
8154,icmp,smtp,S0,92435,14516,0,2,0,19,3,1,6,1,0,7,3,1,1,0,1,0,229,275,0.34,0.91,0.12,0.52,0.79,0.95,0.95,161,209,0.07,0.16,0.48,0.3,0.86,0.35,0.37,0.04,normal
2349,udp,eco_i,S0,68296,99974,1,2,0,5,2,1,5,1,0,5,1,3,0,0,1,0,228,260,0.5,0.95,0.03,0.27,0.28,0.74,0.34,35,180,0.18,0.17,0.12,0.95,0.2,0.4,0.72,0.97,normal
3445,tcp,ftp,S0,52330,83933,1,1,2,0,5,0,8,1,0,1,4,1,2,0,1,0,400,370,0.81,0.74,0.05,0.41,0.09,0.11,0.61,129,189,0.87,0.05,0.64,0.74,0.75,1.0,0.3,0.1,normal
7743,icmp,private,RSTR,4712,60799,1,2,2,9,2,1,3,0,1,1,4,5,3,0,0,1,279,87,0.74,0.36,0.35,0.82,0.98,0.22,0.73,92,161,0.63,0.18,0.99,0.06,0.44,0.07,0.29,0.92,normal
9416,tcp,ftp,REJ,62061,80738,0,2,0,1,3,1,3,0,1,6,4,4,0,0,1,0,104,287,0.65,0.09,0.18,0.13,0.37,0.05,0.49,181,208,0.63,0.27,0.74,0.82,0.1,0.12,0.74,0.95,normal
1060,udp,private,S0,95109,15607,0,0,3,0,0,1,7,0,1,10,5,2,0,0,0,1,10,168,0.6,0.98,0.96,0.59,0.17,0.07,0.9,75,90,0.59,0.14,0.87,0.25,0.36,0.26,0.67,0.76,normal
6582,tcp,private,SF,73540,8882,1,3,2,1,4,0,2,0,0,8,3,2,4,0,1,1,122,277,0.82,0.97,0.6,0.11,0.1,0.54,0.9,12,216,0.05,0.95,0.44,0.46,0.03,0.15,0.75,0.57,normal
3491,icmp,ftp,S0,4619,18578,0,3,2,7,4,1,4,0,0,6,0,4,4,0,0,1,201,63,0.74,0.97,0.31,0.66,0.44,0.19,0.54,77,160,0.93,0.52,0.39,0.55,0.16,0.24,0.08,0.68,normal
6635,udp,eco_i,SH,19065,23789,0,3,2,7,3,0,10,1,0,6,1,0,5,0,0,1,247,57,0.58,0.85,0.56,0.08,0.85,0.24,0.25,93,182,0.42,0.63,0.8,0.5,0.11,0.89,0.17,0.53,normal
5369,tcp,http,SH,28542,8189,1,1,2,11,3,0,8,0,0,5,1,3,3,0,1,1,63,49,0.99,0.54,0.71,0.74,0.32,0.69,0.98,116,166,0.07,0.82,0.92,0.39,0.2,0.43,0.23,0.29,normal
461,udp,eco_i,SH,16085,88093,0,3,2,3,2,1,8,0,0,1,1,4,1,0,1,0,108,200,0.97,0.23,0.59,0.64,0.31,0.08,0.42,210,107,0.83,0.42,0.72,0.94,0.16,0.73,0.99,0.65,normal
1081,tcp,smtp,SF,57509,51249,0,2,0,4,3,0,4,0,1,0,2,2,1,0,1,0,180,408,0.02,0.7,0.76,0.5,0.01,0.26,0.76,174,158,0.19,0.87,0.28,0.54,0.45,0.6,0.71,0.16,normal
6380,icmp,ftp,SF,93729,51789,1,1,2,9,5,1,8,0,0,4,4,3,1,0,0,0,239,475,0.96,0.44,0.04,0.26,0.13,0.66,0.39,242,91,0.81,0.12,0.16,0.11,0.96,0.05,0.51,0.69,normal
5541,tcp,eco_i,REJ,19302,94196,0,2,2,7,5,0,3,0,1,6,1,2,5,0,0,1,488,259,0.31,0.95,0.31,0.32,0.15,0.5,0.23,186,253,0.76,0.46,0.63,0.46,0.84,0.93,0.75,0.38,normal
6844,udp,domain_u,SH,14294,53682,1,2,3,15,2,1,7,0,1,8,0,2,2,0,0,0,17,172,0.22,0.23,0.52,0.73,0.33,0.92,0.93,136,112,0.79,0.11,0.07,1.0,0.73,0.46,0.54,0.46,normal
7362,tcp,private,S0,15916,66486,0,2,2,7,0,1,2,1,0,8,4,3,1,0,0,0,183,226,0.98,0.96,0.71,0.78,0.37,0.29,0.91,83,105,0.32,0.08,0.28,0.52,0.2,0.28,0.35,0.37,normal
5714,icmp,private,REJ,15223,77839,1,3,3,15,0,1,6,1,1,2,5,0,2,0,1,0,84,190,0.08,0.62,0.88,0.83,0.22,0.53,0.66,249,99,0.92,0.67,0.16,0.78,0.79,0.36,0.56,0.77,normal
6504,tcp,eco_i,RSTR,66444,81493,0,0,0,10,5,1,5,0,1,3,1,1,2,0,1,1,464,286,0.39,0.64,0.7,0.86,0.77,0.76,0.11,16,85,0.16,0.31,0.92,0.87,0.96,0.53,0.57,0.05,normal
1350,icmp,eco_i,S0,24395,40532,1,3,2,16,1,0,9,1,1,9,0,4,0,0,1,0,158,57,0.15,0.03,0.66,0.32,0.56,0.32,0.94,196,228,0.9,0.62,0.42,0.52,0.24,0.24,0.11,0.51,normal
9353,tcp,smtp,SH,47901,96066,1,3,2,13,3,0,5,1,0,3,0,1,1,0,0,0,501,285,0.27,0.46,0.21,0.74,0.2,0.59,0.23,206,167,0.95,0.26,0.77,0.94,0.18,0.42,0.89,0.82,normal
6423,icmp,domain_u,SF,43042,7333,0,3,1,3,3,0,5,1,0,3,5,1,4,0,0,1,329,206,0.9,0.11,0.54,0.88,0.82,0.55,0.72,190,228,0.21,0.56,0.34,0.25,0.18,0.4,0.14,0.47,normal
6698,icmp,private,REJ,71025,86266,1,2,1,5,1,0,6,1,0,9,3,1,5,0,1,0,126,310,0.41,0.72,0.76,0.5,0.53,0.32,0.97,207,112,0.3,0.19,0.98,0.77,0.35,0.03,0.82,0.43,normal
4286,udp,ftp,REJ,39102,74610,0,0,0,10,2,1,7,1,0,8,3,5,2,0,0,1,415,313,0.35,0.68,0.15,0.09,0.44,0.53,0.08,47,43,0.96,0.12,0.27,0.52,0.76,0.31,0.06,0.27,normal
9816,icmp,smtp,SF,2299,56409,1,1,3,7,0,0,2,1,0,9,5,2,3,0,1,1,159,102,0.62,0.51,0.36,0.64,0.41,0.74,0.57,110,112,0.99,0.24,0.56,0.74,0.87,0.95,0.03,0.26,normal
3894,udp,eco_i,REJ,94235,20526,1,0,3,20,1,0,1,1,0,9,0,2,2,0,1,1,391,94,0.32,0.82,0.73,0.16,0.04,0.47,0.92,226,196,0.73,0.64,0.47,0.97,0.17,0.65,0.93,0.12,normal
4127,udp,http,REJ,19092,38284,0,1,0,11,3,1,4,1,0,10,1,3,0,0,1,1,366,5,0.08,0.83,0.33,0.28,0.73,0.96,0.25,65,226,0.3,0.46,0.43,0.04,0.06,0.5,0.18,0.13,normal
6811,udp,http,SH,61763,7820,1,3,2,15,2,0,2,1,1,10,2,2,5,0,0,1,103,307,0.72,0.89,0.13,0.06,0.21,1.0,0.83,216,172,0.89,0.63,0.03,0.66,0.77,0.12,0.29,0.8,normal
7824,tcp,domain_u,S0,38612,40543,0,1,2,16,3,1,10,1,1,3,0,2,4,0,0,1,410,61,0.5,0.92,0.34,0.45,0.02,0.5,1.0,107,116,0.52,0.75,0.66,1.0,0.88,0.84,0.64,0.69,normal
573,tcp,http,RSTR,28219,93227,1,0,0,18,2,0,2,1,0,2,3,3,3,0,1,0,451,26,0.38,0.32,0.99,0.17,0.47,0.72,0.6,98,64,0.72,0.69,0.27,0.05,0.23,0.47,0.12,0.66,normal
6163,udp,private,SH,41261,68803,0,0,1,5,5,1,3,0,1,9,1,1,4,0,0,1,135,110,0.63,0.66,0.61,0.48,0.91,0.21,0.48,164,133,0.07,0.38,0.14,0.18,0.7,0.8,0.61,0.03,normal
9700,icmp,http,SF,9135,14418,1,3,2,14,5,0,4,0,1,3,3,3,2,0,1,0,449,198,0.58,0.67,0.1,0.44,0.53,0.56,0.84,33,179,0.6,0.96,0.39,0.75,0.28,0.6,0.22,0.21,normal
9166,tcp,ftp,RSTR,5919,14551,1,0,0,5,1,0,3,0,0,4,3,1,3,0,0,0,321,472,0.9,0.07,0.98,0.49,0.32,0.96,0.76,168,87,0.42,0.4,0.0,0.28,0.49,0.68,0.56,0.37,normal
8169,icmp,ftp,SH,34454,44054,0,1,1,17,0,0,1,1,0,2,3,1,0,0,0,0,143,177,0.35,0.3,0.23,0.29,0.75,0.27,0.22,171,201,0.24,0.54,0.79,0.95,0.87,0.1,0.07,0.92,normal
4962,udp,eco_i,SH,61446,14374,0,0,2,16,0,0,8,0,0,6,0,2,5,0,1,1,153,306,0.72,0.21,0.17,0.28,0.92,0.16,0.79,167,121,0.8,0.94,0.23,0.58,0.97,0.66,0.47,0.6,normal
5397,icmp,eco_i,RSTR,36132,7957,0,0,2,14,0,1,8,1,1,3,4,0,2,0,0,1,164,497,0.93,0.94,0.76,0.47,0.75,0.71,0.81,16,74,0.88,0.33,0.5,0.08,0.57,0.1,0.25,0.21,normal
3453,tcp,ftp,S0,69798,59388,0,3,0,3,2,0,4,1,0,6,0,2,1,0,0,0,100,263,0.28,0.85,0.28,0.03,0.81,0.83,0.05,112,117,0.94,0.51,0.25,0.29,0.06,0.2,0.13,0.9,normal
5760,tcp,ftp,RSTR,66907,66992,1,2,3,20,1,0,3,1,1,0,2,5,1,0,1,1,230,453,0.4,0.28,0.31,0.32,0.17,0.83,0.84,242,220,0.21,0.96,0.83,0.36,0.68,0.13,0.84,0.87,normal
7664,tcp,smtp,SF,60170,52919,1,0,2,19,4,0,10,0,1,0,4,2,5,0,0,0,492,290,0.93,0.87,0.41,0.78,0.27,0.56,0.53,149,60,0.88,0.61,0.14,0.29,0.61,0.36,0.96,0.87,normal
375,udp,domain_u,SH,69478,75859,0,2,1,7,1,0,2,1,0,7,5,2,0,0,0,0,150,311,0.12,0.63,0.72,0.64,0.81,0.53,0.34,183,237,0.85,0.95,0.6,0.68,0.03,0.13,0.72,0.57,normal
2829,udp,ftp,S0,55526,23574,1,1,3,12,5,0,7,1,1,7,2,5,0,0,1,0,233,495,0.62,0.73,0.42,0.1,0.91,0.51,0.7,253,44,0.14,1.0,0.1,0.4,0.23,0.17,0.79,0.4,normal
7696,tcp,smtp,SF,29964,64344,0,3,2,19,4,1,7,0,0,0,4,2,3,0,1,1,195,405,0.71,0.2,0.14,0.35,0.32,0.82,0.32,147,217,0.06,0.05,0.06,0.65,0.36,0.74,0.1,0.39,normal
8410,icmp,domain_u,RSTR,6182,98932,1,2,1,10,2,1,4,0,0,1,3,3,1,0,0,0,373,325,0.91,0.94,0.28,0.2,0.55,0.48,0.19,148,157,0.37,0.51,0.0,0.41,0.64,0.12,0.98,0.35,normal
6577,udp,domain_u,S0,14738,67511,1,3,3,9,2,1,1,0,1,10,2,5,2,0,0,0,300,419,0.93,0.38,0.85,0.76,0.75,0.22,0.34,210,186,0.7,0.08,0.49,0.46,0.8,0.41,0.26,0.42,normal
9332,udp,smtp,S0,96905,40031,1,1,0,1,5,1,9,1,1,10,4,4,4,0,0,1,162,431,0.78,0.58,0.11,0.8,0.28,0.75,0.28,120,65,0.74,0.04,0.82,0.92,0.81,0.86,0.13,0.27,normal
9530,icmp,smtp,RSTR,95628,18691,1,2,1,15,0,0,5,1,0,3,0,3,0,0,1,0,428,460,0.1,0.72,0.99,0.95,0.63,0.91,0.69,211,114,0.61,0.91,0.39,0.16,0.39,1.0,0.24,0.78,normal
3087,icmp,ftp,S0,91794,1048,1,1,1,17,1,0,5,1,0,3,5,3,3,0,1,1,196,318,0.2,0.04,0.97,0.67,0.56,0.2,0.22,11,112,0.54,0.54,0.55,0.86,0.55,0.23,0.47,0.55,normal
7520,tcp,smtp,RSTR,26566,37927,0,0,1,4,5,0,10,1,0,1,4,5,3,0,0,0,458,298,0.58,0.68,1.0,0.44,0.7,0.68,0.13,238,15,0.26,0.36,0.07,0.74,0.41,0.21,0.09,0.23,normal
6248,tcp,smtp,REJ,47456,95628,1,3,2,20,0,1,6,1,1,2,5,0,0,0,0,0,77,382,0.54,0.36,0.5,0.36,0.92,0.84,0.32,142,10,0.57,0.15,0.12,0.2,0.98,0.91,0.41,0.8,normal
8521,icmp,domain_u,REJ,39139,62267,1,3,2,5,0,1,0,0,0,2,3,3,1,0,0,1,36,463,0.55,0.1,0.74,0.3,0.8,0.65,0.64,204,169,0.58,0.08,0.19,0.3,0.49,0.61,0.26,0.37,normal
1136,tcp,smtp,RSTR,91172,18389,1,0,3,18,0,1,1,0,0,8,2,4,5,0,0,0,479,303,0.65,0.51,0.61,0.75,0.02,0.15,0.57,234,97,0.04,0.14,0.09,0.73,0.2,0.39,0.01,0.64,normal
6871,udp,domain_u,SH,75387,20786,0,0,2,15,5,1,10,0,0,4,0,2,1,0,1,0,184,178,0.57,0.95,0.28,0.41,0.5,0.03,0.27,10,222,0.48,0.5,0.13,0.89,0.57,0.51,0.78,0.87,normal
5268,icmp,private,SF,96285,66849,0,0,1,7,4,0,3,0,0,10,2,0,2,0,0,1,220,191,0.98,0.74,0.32,0.6,0.79,0.11,0.11,120,164,0.58,0.42,0.56,0.09,0.95,0.15,0.95,0.88,normal
6797,udp,http,SF,56621,41216,1,0,1,6,5,1,6,0,1,7,3,0,5,0,0,0,480,317,0.93,0.73,0.71,0.58,0.61,0.01,0.79,190,173,0.05,0.7,0.53,0.67,0.3,0.44,0.4,0.94,normal
4666,tcp,ftp,REJ,92314,37455,0,3,2,10,5,0,2,0,1,10,1,1,5,0,0,0,21,179,0.51,0.74,0.79,0.81,0.05,0.87,0.51,210,146,0.79,0.63,0.7,0.64,0.18,0.33,0.93,0.52,normal
8514,tcp,domain_u,RSTR,64043,43494,1,2,0,19,1,0,0,1,1,0,4,4,1,0,1,0,416,347,0.4,0.89,0.4,0.71,0.31,0.11,0.42,59,95,0.16,0.06,0.32,0.69,0.47,0.48,0.7,0.3,normal
7516,icmp,smtp,SF,68015,92733,0,1,1,12,3,1,4,1,0,0,5,5,4,0,0,0,344,107,0.65,0.05,0.51,0.5,0.62,0.81,0.56,129,3,0.54,0.99,0.3,0.3,0.59,0.05,0.3,0.25,normal
8070,udp,ftp,REJ,36968,12359,1,0,1,3,0,1,5,0,1,4,5,1,4,0,1,1,63,15,0.73,0.71,0.27,0.43,0.84,0.49,0.92,148,153,0.35,0.8,0.62,0.06,0.7,0.95,0.98,0.21,normal
7690,tcp,http,REJ,5477,75984,1,3,1,20,3,0,5,0,0,6,1,3,0,0,0,0,452,98,0.53,0.02,0.43,0.05,0.93,0.31,0.34,52,247,0.21,0.3,0.74,0.59,0.82,0.39,0.09,0.7,normal
4353,icmp,http,REJ,86390,15818,1,2,2,19,5,1,6,1,1,6,1,5,5,0,1,1,355,107,0.43,0.12,0.24,0.62,0.06,0.21,0.09,4,97,0.16,0.98,0.82,0.61,0.52,0.46,0.76,0.59,normal
8589,udp,ftp,RSTR,92792,75341,0,3,0,1,3,0,4,1,0,0,0,2,0,0,1,0,331,495,0.83,0.06,0.79,0.46,0.76,0.91,0.64,106,100,0.14,0.89,0.37,0.67,0.48,0.87,0.06,0.5,normal
460,tcp,eco_i,REJ,78648,13778,0,0,0,17,5,1,8,0,0,4,3,0,4,0,0,0,419,397,0.64,0.45,0.1,0.93,0.42,0.46,0.41,50,58,0.08,0.5,0.29,0.69,0.68,0.46,0.74,0.0,normal
1186,tcp,private,REJ,51732,50548,0,0,2,8,5,1,5,0,1,0,5,4,2,0,0,0,249,85,0.2,0.07,0.96,0.88,0.13,0.28,0.57,121,199,0.17,0.11,0.11,0.89,0.2,0.69,0.29,0.96,normal
128,tcp,http,S0,32127,91316,1,0,3,4,1,0,1,0,0,2,1,3,4,0,0,0,427,318,0.14,0.81,0.69,0.41,0.53,0.91,0.76,205,88,0.42,0.72,0.97,0.7,0.33,0.9,0.76,0.61,normal
9563,tcp,smtp,SF,68046,71634,0,3,3,18,4,0,8,0,0,7,0,1,4,0,0,1,459,376,0.59,0.85,0.89,0.75,0.26,0.88,0.25,101,199,0.91,0.53,0.08,1.0,0.13,0.15,0.45,0.65,normal
4949,udp,smtp,S0,37184,24222,0,2,3,3,3,1,0,0,0,7,3,3,3,0,0,1,251,195,0.98,0.73,0.18,0.79,0.48,0.83,0.65,183,123,0.94,0.19,0.52,0.61,0.27,0.47,0.84,0.27,normal
3882,icmp,private,REJ,94687,30352,0,1,2,0,4,0,6,1,1,6,4,1,5,0,1,1,431,120,0.69,0.59,0.25,0.94,0.29,0.59,0.52,86,84,0.87,0.33,0.84,0.47,0.48,0.69,0.97,0.09,normal
9134,icmp,http,RSTR,41880,71689,0,3,2,9,0,0,9,1,0,9,3,2,4,0,0,0,242,296,0.17,0.41,0.44,0.17,0.04,0.56,0.96,107,120,0.57,0.61,0.13,0.08,0.83,0.49,0.07,0.87,normal
9361,tcp,ftp,RSTR,14814,99700,1,2,2,19,4,1,0,0,0,1,1,0,0,0,1,0,262,476,0.23,0.98,0.96,0.2,0.04,0.95,0.23,63,139,0.0,0.45,0.14,0.08,0.75,0.27,0.54,0.91,normal
1838,tcp,domain_u,SH,87455,75629,0,0,1,7,2,0,9,0,0,3,2,5,4,0,1,0,53,182,0.8,0.59,0.34,0.08,0.55,0.39,0.94,246,161,0.85,0.28,0.11,0.81,0.07,0.17,0.77,0.53,normal
2892,tcp,domain_u,RSTR,27347,58530,0,3,1,16,0,0,8,1,0,1,0,3,5,0,0,1,457,289,0.3,0.25,0.89,0.6,0.21,0.19,0.86,58,157,0.7,0.27,0.15,0.82,0.42,0.17,0.32,0.64,normal
9961,icmp,http,REJ,75096,53686,1,0,2,2,0,1,8,1,0,9,0,5,1,0,0,0,197,478,0.32,0.72,0.57,0.33,0.21,0.03,0.93,237,65,0.91,0.66,0.2,0.77,0.41,0.32,0.45,0.58,normal
241,udp,eco_i,SF,38291,39653,1,1,2,19,3,1,5,1,1,10,5,2,1,0,1,1,286,372,0.45,0.12,0.94,0.18,0.54,0.77,0.77,207,205,0.47,0.3,0.02,0.09,0.16,0.52,0.62,0.89,normal
9561,icmp,eco_i,SH,32217,48274,0,0,1,15,3,0,0,0,1,4,2,4,4,0,1,0,128,258,0.98,0.88,0.31,0.22,0.87,0.01,0.88,103,69,0.19,0.74,0.62,0.77,1.0,0.04,0.78,0.12,normal
156,icmp,ftp,SF,4536,28653,0,2,1,11,2,0,1,0,0,3,5,2,4,0,0,0,51,269,0.93,0.56,0.68,0.89,0.0,0.29,0.1,148,67,0.87,0.81,0.96,0.7,0.8,0.37,0.24,0.79,normal
3289,udp,ftp,SH,5620,41929,0,2,3,9,0,1,10,1,1,9,2,4,1,0,0,0,366,333,0.45,0.97,0.16,0.23,0.34,0.36,0.86,58,54,0.1,0.35,0.07,0.78,0.68,0.65,0.21,0.81,normal
1,tcp,eco_i,RSTR,68305,19823,1,1,2,14,4,1,9,0,0,5,0,5,2,0,0,1,134,384,0.28,0.1,0.95,0.05,0.84,0.11,0.95,0,239,0.43,0.53,0.71,0.55,0.43,0.79,0.19,0.24,normal
5668,udp,smtp,S0,72964,63122,0,3,0,9,2,0,7,1,0,0,4,1,5,0,0,1,358,221,0.66,0.69,0.82,0.18,0.84,0.88,0.99,36,205,0.03,0.71,0.15,0.47,0.98,0.94,0.95,0.19,normal
6205,icmp,eco_i,RSTR,23759,20907,1,2,2,7,0,0,5,0,1,8,4,0,2,0,1,0,451,18,0.32,0.84,0.05,0.91,0.35,0.48,0.07,62,55,0.9,0.62,0.22,0.14,0.73,0.47,0.53,0.76,normal
1152,tcp,eco_i,REJ,70538,96490,1,1,0,3,5,1,4,0,1,1,5,4,1,0,1,0,240,378,0.1,0.32,0.3,0.32,0.47,0.82,0.28,100,104,0.41,0.83,0.43,0.13,0.99,0.34,0.87,0.17,normal
1185,udp,eco_i,SH,92971,80007,1,0,3,4,4,0,5,0,0,0,5,4,3,0,0,0,435,247,0.66,0.26,0.79,0.94,0.94,0.76,0.27,112,136,0.71,0.8,0.8,0.51,0.75,0.72,0.05,0.68,normal
3605,icmp,ftp,REJ,18249,245,0,1,2,0,3,0,7,1,0,5,4,0,5,0,1,1,24,405,0.09,0.12,0.49,0.69,0.02,0.58,0.15,94,159,0.39,0.56,0.87,0.86,0.94,0.46,0.49,0.95,normal
7674,udp,domain_u,RSTR,91422,26535,1,3,3,16,4,0,3,1,0,2,3,3,3,0,1,0,332,72,0.67,0.77,0.65,0.24,0.62,0.08,0.4,88,202,0.18,0.33,0.44,0.66,0.42,0.64,0.64,0.24,normal
8411,udp,private,REJ,46218,3773,1,0,0,9,5,1,1,1,1,9,2,0,3,0,0,1,307,18,0.23,0.4,0.41,0.81,0.57,0.5,0.57,197,170,0.85,0.17,0.89,0.44,0.47,0.31,0.77,0.89,normal
2873,icmp,smtp,SF,80378,61963,1,0,1,20,4,0,6,1,0,3,1,1,2,0,1,1,391,362,0.68,0.65,0.53,0.07,0.67,0.62,0.61,118,31,0.81,0.98,0.67,0.94,0.25,1.0,0.71,0.86,normal
1626,udp,smtp,SH,89555,85325,1,0,1,15,0,1,0,1,0,3,3,5,5,0,1,1,207,201,0.48,0.06,0.09,0.53,0.76,0.38,0.75,229,133,0.36,0.14,0.72,0.04,0.63,0.61,0.77,0.81,normal
4221,icmp,eco_i,RSTR,74549,39190,0,1,1,8,5,1,8,0,0,10,0,5,1,0,0,0,490,289,0.37,0.94,0.48,0.23,0.08,0.79,0.03,9,137,0.64,0.5,0.5,0.48,0.03,0.31,0.53,0.08,normal
909,tcp,ftp,RSTR,12943,60438,0,2,1,14,0,1,5,0,0,6,2,5,4,0,1,0,87,163,0.24,0.82,0.54,0.49,0.46,0.47,0.49,244,128,0.47,0.4,0.4,0.8,0.39,0.88,0.96,0.53,normal
139,tcp,smtp,RSTR,79541,5553,1,0,2,0,5,0,6,1,0,7,2,0,1,0,0,1,230,382,0.36,0.39,0.77,0.43,0.34,0.33,0.49,107,128,0.2,0.27,0.21,0.47,0.83,0.63,0.28,0.03,normal
3006,udp,domain_u,REJ,13612,83419,0,0,3,15,5,0,7,0,1,2,2,0,3,0,1,1,452,276,0.11,0.65,0.41,0.35,0.01,0.08,0.88,77,184,0.51,0.18,0.91,0.23,0.37,0.23,0.99,0.49,normal
6976,tcp,domain_u,S0,52313,57114,1,3,2,13,3,1,1,1,0,10,1,0,0,0,1,0,277,152,0.05,0.84,0.04,0.97,0.8,0.75,0.25,51,167,0.64,0.76,0.2,0.82,0.75,0.57,0.01,0.83,normal
7972,tcp,eco_i,S0,47347,68087,0,0,0,16,5,0,2,0,0,3,0,5,3,0,0,1,282,111,0.74,0.41,0.03,0.43,0.75,0.99,0.15,186,175,0.32,0.97,0.32,0.06,0.68,0.23,0.61,0.1,normal
4980,tcp,ftp,RSTR,21367,56110,1,1,0,12,5,0,9,1,1,1,5,0,1,0,0,1,197,91,0.09,0.26,0.83,0.75,0.67,0.1,0.1,110,47,0.7,0.96,0.97,0.73,0.4,0.39,0.45,0.33,normal
1047,icmp,private,SH,99356,19856,0,1,1,8,2,0,2,1,0,4,2,3,3,0,0,0,481,179,0.78,0.33,0.18,0.7,0.21,0.35,0.32,252,123,0.22,0.85,0.92,0.22,0.16,0.89,0.5,0.61,normal
3349,udp,domain_u,SF,77374,99720,1,1,3,13,3,1,1,0,1,3,2,2,3,0,1,0,295,309,0.4,0.82,0.59,0.0,0.47,0.34,0.32,71,250,0.82,0.21,0.53,0.84,0.87,0.99,0.19,0.2,normal
1064,udp,smtp,S0,33302,66753,1,1,1,20,0,0,6,1,0,5,2,1,4,0,1,0,328,482,0.19,0.28,0.83,0.36,0.66,0.99,0.02,240,96,0.72,0.43,0.81,0.97,0.1,0.92,0.56,0.33,normal
4651,tcp,eco_i,SF,87208,33768,0,1,0,8,1,1,6,1,0,0,1,2,5,0,1,0,27,120,0.78,0.69,0.21,0.24,0.28,0.9,0.28,16,132,0.3,0.55,0.42,0.89,0.48,0.5,0.82,0.99,normal
4225,tcp,ftp,SF,4412,53357,1,2,1,0,2,0,6,1,0,4,0,0,5,0,1,0,62,95,0.57,0.78,0.32,0.59,0.75,0.45,0.44,8,172,0.27,0.22,0.66,0.22,0.61,0.84,0.77,0.05,normal
9376,tcp,eco_i,RSTR,76754,66398,0,1,2,14,0,1,8,1,1,2,4,3,3,0,1,1,436,242,0.32,0.62,0.29,0.01,0.95,0.54,0.01,181,59,0.9,0.82,0.54,0.09,0.12,0.63,0.84,0.38,normal
9836,tcp,private,SF,73181,38193,1,3,3,5,2,1,6,0,1,0,5,4,0,0,1,0,336,247,0.38,0.36,0.2,0.3,0.04,0.1,0.7,6,171,0.06,0.46,0.94,0.0,0.55,0.97,0.39,0.73,normal
5221,udp,http,SF,13841,11500,1,2,0,1,3,0,10,1,1,7,4,2,3,0,1,0,104,289,0.42,0.59,0.29,0.49,0.87,0.42,0.4,196,77,0.92,0.29,0.64,0.71,0.21,0.92,0.35,0.55,normal
349,icmp,domain_u,SH,8503,33966,0,2,0,19,0,0,10,0,0,8,0,4,5,0,0,0,85,499,0.87,0.59,0.87,0.29,0.05,0.22,0.88,34,27,0.61,0.53,0.04,0.18,0.72,0.04,0.94,0.46,normal
6801,udp,eco_i,S0,86701,10312,1,3,0,10,1,0,0,0,1,1,0,0,3,0,0,0,386,36,0.41,0.66,0.84,0.06,0.67,0.99,0.43,131,113,0.69,0.24,0.62,0.37,0.04,0.58,0.87,0.35,normal
8876,icmp,private,SF,48011,59625,1,2,3,9,0,0,4,1,0,8,2,1,2,0,0,0,412,150,0.55,0.72,0.99,0.69,0.3,0.42,0.56,122,157,0.41,0.2,0.77,0.42,0.47,0.96,0.06,0.17,normal
9827,udp,domain_u,RSTR,58325,71813,1,2,3,12,4,0,6,1,1,0,2,4,0,0,1,1,80,490,0.16,0.85,0.64,0.85,0.21,0.74,0.1,220,23,0.33,0.04,0.05,0.42,0.23,0.07,0.54,0.03,normal
8142,udp,http,REJ,56118,59747,1,2,0,19,3,1,6,0,0,0,2,0,1,0,1,0,476,89,0.85,0.53,0.25,0.69,0.53,0.23,0.53,74,148,0.85,0.28,0.57,0.61,0.15,0.12,0.46,0.59,normal
